"ID","NAME"
"0","Rawlinson"
"1","Stivani"
"2","Shaheer"
"3","Jhanai"
"4","Pittem"
"5","Cordula"
"6","Dartavius"
"7","Marlando"
"8","Raneesha"
"9","Garroway"
"10","Jaylan"
"11","Attenborough"
"12","Niblo"
"13","Anjelyka"
"14","Hubbins"
"15","Khyrell"
"16","Adonna"
"17","Iacovini"
"18","Johann"
"19","Omauri"
"20","Vedekhin"
"21","Khaina"
"22","Ashgan"
"23","Blaszkiewicz"
"24","Callissa"
"25","Tysa"
"26","Kyvion"
"27","Clatie"
"28","Annasophia"
"29","Corssen"
"30","Shakelia"
"31","Elstub"
"32","Daionna"
"33","Jamika"
"34","Toinetta"
"35","Coverdale"
"36","Theolia"
"37","Lazerick"
"38","Shamayah"
"39","Starnisha"
"40","Lendra"
"41","Tyaisa"
"42","Atrick"
"43","Navindra"
"44","Tehila"
"45","Romanini"
"46","Pacifico"
"47","Tommisha"
"48","Fiddy"
"49","Malaiyah"
"50","Kynadee"
"51","Miona"
"52","Lavinia"
"53","Shanecka"
"54","Starlite"
"55","Jerrelle"
"56","Bonitta"
"57","Fagg"
"58","Zackrey"
"59","Yasmine"
"60","Kristn"
"61","Cuzen"
"62","Noni"
"63","Guerrieri"
"64","Souleymane"
"65","Sira"
"66","Trinisa"
"67","Bigly"
"68","Greetham"
"69","Hoyer"
"70","Binns"
"71","Dejahn"
"72","Flore"
"73","Zonna"
"74","Pardey"
"75","Keyonie"
"76","Princetta"
"77","Sidea"
"78","Camillia"
"79","Symeir"
"80","Dusting"
"81","Janeicia"
"82","Hipolita"
"83","Geovanie"
"84","Abramovitch"
"85","Sedonia"
"86","Shaia"
"87","Hedaux"
"88","Vestie"
"89","Haeun"
"90","Kyen"
"91","Chaneyra"
"92","Clery"
"93","Nijssen"
"94","Ryal"
"95","Colette"
"96","Geniah"
"97","Fawzi"
"98","Armita"
"99","Simionescu"
"100","Sunitha"
"101","Habishaw"
"102","Larah"
"103","Halhead"
"104","Adelheid"
"105","Janieka"
"106","Krystiana"
"107","Rogers"
"108","Shaude"
"109","Shykeim"
"110","Vivia"
"111","Klaggeman"
"112","Raynal"
"113","Shamala"
"114","Hover"
"115","Jafeth"
"116","Corinna"
"117","Beart"
"118","Manraj"
"119","Beedon"
"120","McClelland"
"121","Gariff"
"122","Athanasius"
"123","Tiodoro"
"124","Cowndley"
"125","Devorah"
"126","Kellsy"
"127","Wanyae"
"128","Skipperbottom"
"129","Rocelia"
"130","Marquetia"
"131","Adami"
"132","Aveson"
"133","Kristalyn"
"134","Giannazzi"
"135","Izzac"
"136","Kleinberer"
"137","Grishenkov"
"138","Curley"
"139","Trudith"
"140","Maryin"
"141","Brunelleschi"
"142","Aglaia"
"143","Lamminam"
"144","Brudenell"
"145","Jonuel"
"146","Queshon"
"147","Labrandon"
"148","Krishaun"
"149","Naquanda"
"150","Juliyana"
"151","Beyza"
"152","Jessenia"
"153","Shadana"
"154","Treswell"
"155","Gallahar"
"156","Jamaiah"
"157","Nattiel"
"158","Shed"
"159","Hasluck"
"160","Torrent"
"161","Delexus"
"162","Shalik"
"163","Tamesia"
"164","Demeir"
"165","Larhea"
"166","Dennen"
"167","Aareon"
"168","Belasco"
"169","Datte"
"170","Cidalia"
"171","Jamora"
"172","Joan"
"173","Mahailey"
"174","Rehma"
"175","McCrudden"
"176","Minor"
"177","Stehen"
"178","Jaquata"
"179","Dmytryk"
"180","Hearst"
"181","Demesha"
"182","Rawsthorn"
"183","Joezette"
"184","Tresor"
"185","Illidan"
"186","Syniya"
"187","Kenetra"
"188","Tarrius"
"189","Ondria"
"190","Lodell"
"191","Moughton"
"192","Laityn"
"193","Rakell"
"194","Eggleton"
"195","Dewyne"
"196","Kaibree"
"197","Arlita"
"198","Rozanna"
"199","Curthoys"
"200","Baba"
"201","Duckitt"
"202","Ralestone"
"203","Maycle"
"204","Allbones"
"205","Ansett"
"206","Tunney"
"207","Learline"
"208","Sabriye"
"209","Ecequiel"
"210","Selassie"
"211","Yashveer"
"212","Manjit"
"213","Kriselle"
"214","Linoshka"
"215","Lauran"
"216","Zareen"
"217","Bardwell"
"218","Edith"
"219","Arnet"
"220","Slyme"
"221","Jamual"
"222","Harkes"
"223","Ladeanna"
"224","Colvie"
"225","McLorinan"
"226","Jimenez"
"227","Mariatheresa"
"228","Jacobey"
"229","Mercedi"
"230","Jerilee"
"231","Wabey"
"232","Eduvijes"
"233","Mahy"
"234","Maryke"
"235","Lametria"
"236","Anitria"
"237","Luz"
"238","Hutley"
"239","Domenicone"
"240","Queneshia"
"241","Josefsson"
"242","Katyanna"
"243","Darrain"
"244","Koby"
"245","Casmir"
"246","Shron"
"247","Pattricia"
"248","Aitan"
"249","Rudledge"
"250","Sandford"
"251","Tolmie"
"252","Virr"
"253","Butts"
"254","Caramuscia"
"255","Deely"
"256","Govinda"
"257","Jua"
"258","Tallyn"
"259","Loddy"
"260","Samani"
"261","Keyonna"
"262","Phenicia"
"263","Ailyn"
"264","Mammatt"
"265","Thursfield"
"266","Zellia"
"267","Lyndsy"
"268","Kyera"
"269","Tarla"
"270","Curgenuer"
"271","Brompton"
"272","Pollington"
"273","Cudde"
"274","Jenesys"
"275","Labrandon"
"276","Wroughton"
"277","Angrave"
"278","Alexandrescu"
"279","Jacia"
"280","De la Yglesias"
"281","Judiann"
"282","Brittini"
"283","Hurshell"
"284","Amiriah"
"285","Mapson"
"286","Dix"
"287","Tyrina"
"288","Shweta"
"289","Saathvik"
"290","Greenside"
"291","Jatyler"
"292","Kemmis"
"293","Pattianne"
"294","Akaysia"
"295","Cruwys"
"296","Kaeli"
"297","Lennea"
"298","Sinjin"
"299","Efrain"
